{
    "start_character": {
        "hp": 100.0,
        "maxhp": 100.0,
        "mana": 100.0,
        "maxmana": 100.0,
        "exp": 0,
        "lvl": 1,
        "def": 10.0,
        "spd": 10.0,
        "mr": 10.0,
        "str": 10.0,
        "acc": 1000.0,
        "mag": 10.0,
        "luk": 10.0,
        "skillset1": "icicle",
        "skillset2": "None",
        "skillset3": "None",
        "skillset4": "None",
        "health_potion": 3,
        "mana_potion": 1,
        "wrath_potion": 1,
        "magic_potion": 1,
        "super_speed": 0,
        "deal_with_devil": 1
    },
    "Martha Pollocus and the Weather Machine": {
        "hp": 100.0,
        "maxhp": 100.0,
        "mana": 200.0,
        "maxmana": 200.0,
        "exp": 25,
        "lvl": 1,
        "def": 10.0,
        "spd": 2.0,
        "mr": 14.0,
        "str": 10.0,
        "acc": 100000.0,
        "mag": 12.0,
        "luk": 12.0,
        "skillset1": "tsunami",
        "skillset2": "blood magic",
        "skillset3": "piercing light",
        "skillset4": "nosferatu",
        "health_potion": 0,
        "mana_potion": 0,
        "wrath_potion": 0,
        "magic_potion": 0,
        "super_speed": 0,
        "deal_with_devil": 0
    },
    "Clocktower Fiend": {
        "hp": 40.0,
        "maxhp": 60.0,
        "mana": 0.0,
        "maxmana": 0.0,
        "exp": 25,
        "lvl": 1,
        "def": 10.0,
        "spd": 2.0,
        "mr": 12.0,
        "str": 16.0,
        "acc": 10.0,
        "mag": 0.0,
        "luk": 19.0,
        "skillset1": "None",
        "skillset2": "None",
        "skillset3": "None",
        "skillset4": "None",
        "health_potion": 0,
        "mana_potion": 0,
        "wrath_potion": 0,
        "magic_potion": 0,
        "super_speed": 0,
        "deal_with_devil": 0
    },
    "Hovian Plaza Serpent": {
        "hp": 30.0,
        "maxhp": 30.0,
        "mana": 70.0,
        "maxmana": 70.0,
        "exp": 25,
        "lvl": 1,
        "def": 10.0,
        "spd": 12.0,
        "mr": 7.0,
        "str": 22.0,
        "acc": 10.0,
        "mag": 12.0,
        "luk": 12.0,
        "skillset1": "double slash",
        "skillset2": "acid spray",
        "skillset3": "minimize",
        "skillset4": "spin slash",
        "health_potion": 0,
        "mana_potion": 0,
        "wrath_potion": 0,
        "magic_potion": 0,
        "super_speed": 0,
        "deal_with_devil": 0
    },
    "Gorge Gorgon": {
        "hp": 50.0,
        "maxhp": 100.0,
        "mana": 100.0,
        "maxmana": 100.0,
        "exp": 50,
        "lvl": 1,
        "def": 10.0,
        "spd": 12.0,
        "mr": 15.0,
        "str": 22.0,
        "acc": 10.0,
        "mag": 22.0,
        "luk": 12.0,
        "skillset1": "icicle",
        "skillset2": "acid spray",
        "skillset3": "headbutt",
        "skillset4": "minimize",
        "health_potion": 0,
        "mana_potion": 0,
        "wrath_potion": 0,
        "magic_potion": 0,
        "super_speed": 0,
        "deal_with_devil": 0
    }
}