{
    "icicle": {
        "skill_type": "Magic",
        "description": "Type: Magic, Base damage: 5, Scaling: 40%\nThrows icicle at Enemy. \nChance to slow enemy and lower accuracy",
        "change_to_affect": 0.3,
        "base_dmg": 5.0,
        "dmg_scailing": 0.4,
        "mp_cost": 15.0,
        "hp_cost": 0.0,
        "hp-effect": 0.0,
        "hp-turns": 0,
        "mana-effect": 0.0,
        "mana-turns": 0,
        "strength-effect": 0.0,
        "strength-turns": 0,
        "defense-effect": 0.0,
        "defense-turns": 0,
        "magicresist-effect": 0.0,
        "magicresist-turns": 0,
        "speed-effect": -6.0,
        "speed-turns": 4,
        "accuracy-effect": -5.0,
        "accuracy-turns": 4,
        "magicpower-effect": 0.0,
        "magicpower-turns": 0,
        "luck-effect": 0.0,
        "luck-turns": 0
    },
    "acid spray": {
        "skill_type": "Magic",
        "description": "Type: Magic, Base damage: 2, Scaling 16%\nSprays acaid over enemy. Greatly lowers enemy's defense and make resist",
        "change_to_affect": 0.9,
        "base_dmg": 2.0,
        "dmg_scailing": 0.16,
        "mp_cost": 30.0,
        "hp_cost": 0.0,
        "hp-effect": 0.0,
        "hp-turns": -1,
        "mana-effect": 0.0,
        "mana-turns": -1,
        "strength-effect": 0.0,
        "strength-turns": -1,
        "defense-effect": -10.0,
        "defense-turns": 3,
        "magicresist-effect": -10.0,
        "magicresist-turns": 3,
        "speed-effect": 0.0,
        "speed-turns": -1,
        "accuracy-effect": 0.0,
        "accuracy-turns": -1,
        "magicpower-effect": 0.0,
        "magicpower-turns": -1,
        "luck-effect": 0.0,
        "luck-turns": -1
    },
    "blood magic": {
        "skill_type": "Magic",
        "description": "Type: Magic, Base damage: 7, Scaling 60%\nInsidious magic that uses the enemies own blood to hurt them. Reduces enemy max health, max mana, and magic resist.",
        "change_to_affect": 0.6,
        "base_dmg": 7.0,
        "dmg_scailing": 0.6,
        "mp_cost": 60.0,
        "hp_cost": 0.0,
        "hp-effect": -30.0,
        "hp-turns": 4,
        "mana-effect": -20.0,
        "mana-turns": 4,
        "strength-effect": 0.0,
        "strength-turns": -1,
        "defense-effect": 0.0,
        "defense-turns": -1,
        "magicresist-effect": -2.0,
        "magicresist-turns": 4,
        "speed-effect": 0.0,
        "speed-turns": -1,
        "accuracy-effect": 0.0,
        "accuracy-turns": -1,
        "magicpower-effect": 0.0,
        "magicpower-turns": -1,
        "luck-effect": 0.0,
        "luck-turns": -1
    },
    "spin slash": {
        "skill_type": "Physical",
        "description": "Type: Physical, Base damage: 4, Scaling 40%\nDoes a spinning slash",
        "change_to_affect": 0.3,
        "base_dmg": 4.0,
        "dmg_scailing": 0.4,
        "mp_cost": 0.0,
        "hp_cost": 5.0,
        "hp-effect": 0.0,
        "hp-turns": -1,
        "mana-effect": 0.0,
        "mana-turns": -1,
        "strength-effect": 0.0,
        "strength-turns": -1,
        "defense-effect": 0.0,
        "defense-turns": -1,
        "magicresist-effect": 0.0,
        "magicresist-turns": -1,
        "speed-effect": 0.0,
        "speed-turns": -1,
        "accuracy-effect": 0.0,
        "accuracy-turns": -1,
        "magicpower-effect": 0.0,
        "magicpower-turns": -1,
        "luck-effect": 0.0,
        "luck-turns": -1
    },
    "headbutt": {
        "skill_type": "Physical",
        "description": "Type: Physical, Base damage: 10, Scaling 30%\nHeadbutt the enemy",
        "change_to_affect": 0.5,
        "base_dmg": 10.0,
        "dmg_scailing": 0.3,
        "mp_cost": 0.0,
        "hp_cost": 10.0,
        "hp-effect": 0.0,
        "hp-turns": -1,
        "mana-effect": 0.0,
        "mana-turns": -1,
        "strength-effect": 0.0,
        "strength-turns": -1,
        "defense-effect": 0.0,
        "defense-turns": -1,
        "magicresist-effect": 0.0,
        "magicresist-turns": -1,
        "speed-effect": 0.0,
        "speed-turns": -1,
        "accuracy-effect": -5.0,
        "accuracy-turns": 4,
        "magicpower-effect": 0.0,
        "magicpower-turns": -1,
        "luck-effect": 0.0,
        "luck-turns": -1
    },
    "double slash": {
        "skill_type": "Physical",
        "description": "Type: Physical, Base damage: 4, Scaling 70 %\nDouble slashes enemy.  ",
        "change_to_affect": 0.3,
        "base_dmg": 3.0,
        "dmg_scailing": 0.7,
        "mp_cost": 0.0,
        "hp_cost": 10.0,
        "hp-effect": 0.0,
        "hp-turns": -1,
        "mana-effect": 0.0,
        "mana-turns": -1,
        "strength-effect": 0.0,
        "strength-turns": -1,
        "defense-effect": 0.0,
        "defense-turns": -1,
        "magicresist-effect": 0.0,
        "magicresist-turns": -1,
        "speed-effect": 0.0,
        "speed-turns": -1,
        "accuracy-effect": 0.0,
        "accuracy-turns": -1,
        "magicpower-effect": 0.0,
        "magicpower-turns": -1,
        "luck-effect": 0.0,
        "luck-turns": -1
    },
    "chain lightning": {
        "skill_type": "Magic",
        "description": "Base damage: 15, Scaling 60 %\nShoot a powerful burst of lightning at the enemy.",
        "change_to_affect": 0.3,
        "base_dmg": 15.0,
        "dmg_scailing": 0.60,
        "mp_cost": 30.0,
        "hp_cost": 0.0,
        "hp-effect": 0.0,
        "hp-turns": -1,
        "mana-effect": 0.0,
        "mana-turns": -1,
        "strength-effect": 0.0,
        "strength-turns": -1,
        "defense-effect": 0.0,
        "defense-turns": -1,
        "magicresist-effect": -0.0,
        "magicresist-turns": -1,
        "speed-effect": 0.0,
        "speed-turns": -1,
        "accuracy-effect": 0.0,
        "accuracy-turns": -1,
        "magicpower-effect": 0.0,
        "magicpower-turns": -1,
        "luck-effect": 0.0,
        "luck-turns": -1
    },
    "nosferatu": {
        "skill_type": "Magic",
        "description": "Base damage: 30, Scaling 40 %\nA powerful dark magic spell, which lowers magic reist, luck and and chance to hit",
        "change_to_affect": 0.6,
        "base_dmg": 30.0,
        "dmg_scailing": 0.40,
        "mp_cost": 40.0,
        "hp_cost": 0.0,
        "hp-effect": -20.0,
        "hp-turns": 4,
        "mana-effect": 0.0,
        "mana-turns": -1,
        "strength-effect": 0.0,
        "strength-turns": -1,
        "defense-effect": 0.0,
        "defense-turns": -1,
        "magicresist-effect": -5.0,
        "magicresist-turns": 5,
        "speed-effect": 0.0,
        "speed-turns": -1,
        "accuracy-effect": -8.0,
        "accuracy-turns": 5,
        "magicpower-effect": 0.0,
        "magicpower-turns": -1,
        "luck-effect": -20.0,
        "luck-turns": 5
    },
    "tsunami": {
        "skill_type": "Magic",
        "description": "Base damage: 8, Scaling x %\nShoot a wave of water at the enemy. Chance to lower enemy magic power, strength, and defense.",
        "change_to_affect": 0.4,
        "base_dmg": 7.0,
        "dmg_scailing": 0.6,
        "mp_cost": 15.0,
        "hp_cost": 0.0,
        "hp-effect": 0.0,
        "hp-turns": -1,
        "mana-effect": 0.0,
        "mana-turns": -1,
        "strength-effect": -5.0,
        "strength-turns": 4,
        "defense-effect": -5.0,
        "defense-turns": 4,
        "magicresist-effect": 0.0,
        "magicresist-turns": -1,
        "speed-effect": 0.0,
        "speed-turns": -1,
        "accuracy-effect": 0.0,
        "accuracy-turns": -1,
        "magicpower-effect": -5.0,
        "magicpower-turns": 4,
        "luck-effect": 0.0,
        "luck-turns": -1
    },
    "minimize": {
        "skill_type": "Status",
        "description": "Type: Status \nMinimizes the enemy, lowering their strength and magic power",
        "change_to_affect": 1.0,
        "base_dmg": 0.0,
        "dmg_scailing": 0.0,
        "mp_cost": 20.0,
        "hp_cost": 0.0,
        "hp-effect": 0.0,
        "hp-turns": -1,
        "mana-effect": 0.0,
        "mana-turns": -1,
        "strength-effect": -8.0,
        "strength-turns": 4,
        "defense-effect": 0.0,
        "defense-turns": -1,
        "magicresist-effect": 0.0,
        "magicresist-turns": -1,
        "speed-effect": 0.0,
        "speed-turns": -1,
        "accuracy-effect": 0.0,
        "accuracy-turns": -1,
        "magicpower-effect": -8.0,
        "magicpower-turns": 4,
        "luck-effect": 0.0,
        "luck-turns": -1
    },
    "piercing light": {
        "skill_type": "Magic",
        "description": "Type: Magic, Base damage 5, Scaling: 60%\nShoots a piercing ray of light that shred's enemy's magic resist.",
        "change_to_affect": 0.80,
        "base_dmg": 0.0,
        "dmg_scailing": 0.6,
        "mp_cost": 30.0,
        "hp_cost": 0.0,
        "hp-effect": 0.0,
        "hp-turns": -1,
        "mana-effect": 0.0,
        "mana-turns": -1,
        "strength-effect": 0.0,
        "strength-turns": -1,
        "defense-effect": 0.0,
        "defense-turns": -1,
        "magicresist-effect": -10.0,
        "magicresist-turns": 3,
        "speed-effect": 0.0,
        "speed-turns": -1,
        "accuracy-effect": 0.0,
        "accuracy-turns": -1,
        "magicpower-effect": 0.0,
        "magicpower-turns": -1,
        "luck-effect": 0.0,
        "luck-turns": -1
    },
    "mana potion": {
        "skill_type": "Magic",
        "description": "Restores 80 Mana",
        "change_to_affect": 1.0,
        "base_dmg": 0.0,
        "dmg_scailing": 0.0,
        "mp_cost": -80.0,
        "hp_cost": 0.0,
        "hp-effect": 0.0,
        "hp-turns": -1,
        "mana-effect": 0.0,
        "mana-turns": -1,
        "strength-effect": -0.0,
        "strength-turns": -1,
        "defense-effect": 0.0,
        "defense-turns": -1,
        "magicresist-effect": 0.0,
        "magicresist-turns": -1,
        "speed-effect": 0.0,
        "speed-turns": -1,
        "accuracy-effect": 0.0,
        "accuracy-turns": -1,
        "magicpower-effect": -0.0,
        "magicpower-turns": -1,
        "luck-effect": 0.0,
        "luck-turns": -1
    },
    "health potion": {
        "skill_type": "Physical",
        "description": "Restores 100 health",
        "change_to_affect": 1.0,
        "base_dmg": 0.0,
        "dmg_scailing": 0.0,
        "mp_cost": 0.0,
        "hp_cost": -100.0,
        "hp-effect": 0.0,
        "hp-turns": -1,
        "mana-effect": 0.0,
        "mana-turns": -1,
        "strength-effect": 0.0,
        "strength-turns": -1,
        "defense-effect": 0.0,
        "defense-turns": -1,
        "magicresist-effect": 0.0,
        "magicresist-turns": -1,
        "speed-effect": 0.0,
        "speed-turns": -1,
        "accuracy-effect": 0.0,
        "accuracy-turns": -1,
        "magicpower-effect": -8.0,
        "magicpower-turns": -1,
        "luck-effect": 0.0,
        "luck-turns": -1
    },
    "potion of wrath": {
        "skill_type": "Physical",
        "description": "Potion of extreme wrath. Restores 10HP. Greatly increases strength for 4 turns,\nbut lowers defense, magic resist, and speed. ",
        "change_to_affect": 1.0,
        "base_dmg": 0.0,
        "dmg_scailing": 0.0,
        "mp_cost": 0.0,
        "hp_cost": -10.0,
        "hp-effect": 0.0,
        "hp-turns": -1,
        "mana-effect": 0.0,
        "mana-turns": -1,
        "strength-effect": 20.0,
        "strength-turns": 4,
        "defense-effect": -5.0,
        "defense-turns": 4,
        "magicresist-effect": -5.0,
        "magicresist-turns": 4,
        "speed-effect": -5.0,
        "speed-turns": 4,
        "accuracy-effect": 0.0,
        "accuracy-turns": -1,
        "magicpower-effect": 0.0,
        "magicpower-turns": -1,
        "luck-effect": 20.0,
        "luck-turns": 4
    },
    "spellflux elixir": {
        "skill_type": "Magic",
        "description": "This potion greatly increases magic power, but lowers strength and defense.",
        "change_to_affect": 1.0,
        "base_dmg": 0.0,
        "dmg_scailing": 0.0,
        "mp_cost": -10.0,
        "hp_cost": 0.0,
        "hp-effect": 0.0,
        "hp-turns": -1,
        "mana-effect": 0.0,
        "mana-turns": -1,
        "strength-effect": -5.0,
        "strength-turns": 4,
        "defense-effect": -5.0,
        "defense-turns": 4,
        "magicresist-effect": 0.0,
        "magicresist-turns": -1,
        "speed-effect": 0.0,
        "speed-turns": -1,
        "accuracy-effect": 0.0,
        "accuracy-turns": -1,
        "magicpower-effect": 20.0,
        "magicpower-turns": 4,
        "luck-effect": 0.0,
        "luck-turns": -1
    },
    "superspeed serum": {
        "skill_type": "Magic",
        "description": "Restores 10 mana and greatly increases speed and accuracy.",
        "change_to_affect": 1.0,
        "base_dmg": 0.0,
        "dmg_scailing": 0.0,
        "mp_cost": -10.0,
        "hp_cost": 0.0,
        "hp-effect": 0.0,
        "hp-turns": -1,
        "mana-effect": 0.0,
        "mana-turns": -1,
        "strength-effect": -0.0,
        "strength-turns": -1,
        "defense-effect": 0.0,
        "defense-turns": -1,
        "magicresist-effect": 0.0,
        "magicresist-turns": -1,
        "speed-effect": 10.0,
        "speed-turns": 5,
        "accuracy-effect": 10.0,
        "accuracy-turns": 5,
        "magicpower-effect": 0.0,
        "magicpower-turns": -1,
        "luck-effect": 0.0,
        "luck-turns": -1
    },
    "deal with devil": {
        "skill_type": "Physical",
        "description": "Sacrifice 50hp to greatly increase max hp, max mana, strength,\ndefense, magic resist, speed, accuracy, magic power.",
        "change_to_affect": 1.0,
        "base_dmg": 0.0,
        "dmg_scailing": 0.0,
        "mp_cost": 0.0,
        "hp_cost": 50.0,
        "hp-effect": 30.0,
        "hp-turns": 6,
        "mana-effect": 30.0,
        "mana-turns": 6,
        "strength-effect": 30.0,
        "strength-turns": 6,
        "defense-effect": 15.0,
        "defense-turns": 6,
        "magicresist-effect": 15.0,
        "magicresist-turns": 6,
        "speed-effect": 10.0,
        "speed-turns": 6,
        "accuracy-effect": 20.0,
        "accuracy-turns": 6,
        "magicpower-effect": 30.0,
        "magicpower-turns": 6,
        "luck-effect": 0.0,
        "luck-turns": -1
    }
}